{"cameraMode":{"drawMode":0,"name":"Shaded","section":"Shading Mode"},"sceneLighting":true,"audioPlay":false,"sceneViewState":{"m_AlwaysRefresh":false,"showFog":true,"showSkybox":true,"showFlares":true,"showImageEffects":true,"showParticleSystems":true,"showVisualEffectGraphs":true,"m_FxEnabled":true},"in2DMode":false,"pivot":{"x":947.8837280273438,"y":145.41209411621095,"z":-816.6319580078125},"rotation":{"x":-0.05731801688671112,"y":0.13585282862186433,"z":0.007873978465795517,"w":0.9890162348747253},"size":86.27642059326172,"orthographic":false}